6426.082426842348,2902.632525951557,4160.60311477036,0
8139.538133126334,2944.1976695212693,4731.307388606881,0
8101.804133668147,2944.6110643077786,4375.447527644482,0
8093.986877653416,2940.2762004907117,4579.434436073807,0
8869.325438781983,1771.9166913100419,4770.0489025361085,0
8385.253898440624,2949.580872011252,4367.246980424823,0
8209.637893912703,2994.4342114656956,4692.6650257328265,0
8302.264449722881,2938.0106472401235,4286.024933578582,0
8198.405003909304,2945.645059344055,4827.14236390839,0
8256.503937007874,3026.630105354308,4776.567589112858,0
8261.38270632263,2989.5253029223095,4569.954238396164,0
8201.611263199062,2896.818841080185,4805.022339328674,0
8075.286869464767,3019.874721002232,4419.709167544784,0
7983.068138561096,3070.0512370077586,4316.015641078411,0
8859.957752429234,2936.776361854082,4349.133139776027,0
7839.820560747664,2883.2776517495017,4474.878907500267,0
8447.742195367573,2902.833414077099,4500.809099688808,0
8499.096251266465,2794.1536206781693,4183.427089567125,0
8144.279611650485,2829.4009713977334,4683.23358642251,0
8019.7017208413,3033.4157807188835,4777.655769449823,0
8330.295928500496,2859.492773384238,4300.086118515481,0
8653.40210439447,2856.96069750017,4270.750432746157,0
8464.791120080727,2808.56033212803,4741.469590775492,0
8423.9887527616,3023.3576010956535,4763.0070406541,0
8714.531477249117,2940.8946851773944,4307.1513657835285,0
8206.42535707298,2966.8982103699514,4446.41577440899,0
8326.98828667858,2950.6183608863876,4672.278043889941,0
8707.294996886028,2934.3108996781866,3145.0989802039594,0
8674.879007238884,2859.492773384238,4727.04158683647,0
8439.243460764588,3001.0761305094447,4798.425809403959,0
8267.89670806229,3003.655113148095,4651.551513807253,0
8375.207667731629,2936.159607980399,4717.471600494882,0
8123.773000193686,2960.406549971767,4397.46697420843,0
8284.226743037725,2981.238183239747,4709.526162137885,0
8290.776833366277,2997.0017863522685,3526.1067675493905,0
8586.088024564995,2932.054526389374,4481.0940170940175,0
8378.553735517378,3077.7105958321104,4402.544347643539,0
8083.068028521873,3063.5483164122415,4434.193889417486,0
8710.91173416407,2962.0790960451977,4351.840630836273,0
8616.07230895645,2688.6564102564103,4549.136659436009,0
7826.654226534802,2618.4941940317144,4300.086118515481,0
7096.961082910321,2391.688430176199,3706.8528501988512,0
6168.094117647059,2468.8351286126317,3545.7807084284386,0
5976.49472784269,2397.978388885713,3536.81086094949,0
5726.794101583834,2237.5588156841823,3200.781440781441,0
5780.463065049614,2149.051596044474,3312.5130311167272,0
5396.685537828101,2167.150976542317,3557.2080400305317,0
5347.831187045774,2068.911359936862,3138.0398024839146,0
4978.993352326685,2133.6371960524975,3007.9632816982216,0
4679.576034809774,1996.9072557608074,2982.9343574425716,0
4210.303151977515,1998.4295788069373,3010.3380463647454,0
1943.2468495181615,1951.5652335752839,3010.5541200114844,0
3730.259694059054,1986.0334296131446,2913.9252466305406,0
3954.652083726193,1993.9643451390539,2931.030048916841,0
3988.8768426058014,2013.2014975520783,2996.573551475316,0
4053.250869733282,2021.1565150346955,2912.306624079989,0
4399.311936228236,2143.6696309925383,3067.8057343475716,0
4290.409165302783,2056.53542534935,2983.7831685281353,0
5015.3102953485595,2174.3411093831,3249.1316136029127,0
4966.612196566015,2106.7376563363305,3137.8050422682727,0
5430.222682547903,2172.8767549085633,3298.9649205600126,0
5512.293336837955,2366.187521155365,3579.36849291688,0
5746.409097136594,2208.109502500658,3404.1912182452725,0
5865.339113410711,2292.0946499808733,3658.3549934583516,0
5911.633544749824,2422.632703748628,3809.1944419217148,0
6034.101568119695,2524.1042306072095,3827.618178499726,0
6122.177784265071,2395.1027866605755,3862.514043650428,0
6547.461754605058,2595.003402833632,4017.532567049808,0
6661.855146124523,2452.8093567251462,3900.5896029015157,0
6962.65604249668,2639.7532884385423,4057.1715999226158,0
7608.024668964266,2612.4596698847713,4213.6869600160735,0
7449.918294849023,2785.4323283304557,4088.41407544595,0
7453.890172383152,2640.9167611132098,4152.3651123651125,0
7443.3078970718725,2514.419998801031,4170.946698488465,0
7100.56543084476,2634.77856649287,3944.2392326499908,0
6348.273043741487,2433.032078426823,3913.327113267401,0
6223.926398575456,2366.588049427298,3445.862635557016,0
6091.060121986639,2337.701482554899,3498.752085418752,0
5494.241550956248,2187.8378801314484,3357.3233010485874,0
5467.028154327424,2151.2560906806175,3434.8570960609286,0
4837.162956983047,2035.674626286158,3111.7323243564065,0
4431.382989963022,1899.336140922882,2946.8868123375255,0
4248.687196110211,1965.2816043482335,2907.864669994454,0
4181.341840295086,2042.0175267770205,2833.9891891891893,0
4124.192723697149,1976.8600650421831,2710.1990178340657,0
3815.778748180495,1909.5397222854542,2967.1080928126767,0
3900.2268923191373,1954.8396718866518,2861.0532060027285,0
3682.4442493415277,1955.2041767667351,2846.683860458803,0
3654.2115351106463,2010.0177313461447,2814.213633923779,0
3726.945086191576,2030.4516628745703,2965.4298642533936,0
3917.7134317205305,1858.1889066099593,2752.8905224468363,0
4067.401086113266,1923.5514790185737,2773.0935537190085,0
3868.5703744696552,1931.0791896869246,2791.5500831946756,0
4162.667725287813,1962.1556886227545,2793.967492672529,0
4063.8542776862705,1958.582302124679,2972.78616485931,0
4019.072441548486,2037.3556127653374,3018.7879660285016,0
4212.840498192045,2141.261997141107,2877.146384963644,0
4593.980284775465,1981.5297396891388,2989.3122371890813,0
4319.5715756951595,2004.82959705559,3121.690979458172,0
4650.0044345898,2083.9191136284594,2997.0017863522685,0
8644.484748557295,2721.4534129249937,4346.429015544041,0
10133.616815655956,2926.530840078147,4434.662719390992,0
9324.819919964428,2891.4269957259066,4628.963690541883,0
11314.550849743728,2863.983612154319,4373.62252346194,0
11226.723768736616,3007.9632816982216,4681.142857142857,0
10477.901573819636,2633.2898041185335,4713.23070007866,0
11791.689626089401,2969.208551606966,4682.187988390266,0
11193.765679210035,2872.2207765527633,4844.985560817835,0
10217.549330085261,3010.3380463647454,4862.3974031996295,0
10936.907431551499,2996.3594799257035,4767.879959076958,0
11181.828845641163,2888.4401900695543,4839.3954078689285,0
10656.260162601626,2831.6932217121253,4495.984564261978,0
11554.556473829201,2877.3437607189408,4430.446815252984,0
10740.855313700384,2939.245970567624,4337.439503619442,0
10116.507477086348,2876.554420135793,4399.311936228236,0
9517.367823916496,2697.4750787832013,4324.024742268041,0
9145.887483645878,2732.801667969768,4308.921306759811,0
8874.955564959797,2569.094695577606,4275.975124885309,0
8626.705059646236,2772.5436277102062,3981.6821720144294,0
8272.788954635109,2730.31115740138,3908.950605778192,0
8393.644186511907,1958.8567158602652,4022.155734560798,0
7672.039509785988,2570.511736226022,4190.532520731342,0
7191.879286694101,2484.7772511848343,3944.6101758675823,0
7590.126673905175,2613.2735202492213,3709.8036440827877,0
6694.818834796489,2509.1553003110794,3802.2880971806726,0
6660.7972050182625,2596.127754394652,3904.2204226007634,0
6343.472474289171,2430.776006954506,3787.181941309255,0
6107.913208096695,2231.2501329928714,3471.8185580663853,0
6088.40760632893,2158.563120786372,3277.5681800421976,0
5658.038580871442,2258.4018953262976,3101.1489833641403,0
5149.544505831798,2085.9919431043913,2996.7876536153185,0
5023.118562874251,2150.594267548582,2976.5836349442907,0
4968.965762350433,2153.022945434013,3201.51438821464,0
5299.853424311347,1986.221527679121,3194.6865717114783,0
5315.3009757952095,2008.4777091414069,3182.8077098193958,0
5429.519741100324,2020.8643700313178,2868.4885788537817,0
5265.25734371077,1650.5859667073314,2954.983795970128,0
5521.727224855187,2217.8003384094754,3283.4695475183967,0
5446.440721984158,2112.5737886571974,3371.8980625452205,0
5832.71311361424,2293.3479140466948,3258.2179756078613,0
6552.576159975004,2160.34200360546,3328.0203126239785,0
6237.810826888756,2245.3447537473235,3475.270527798492,0
6687.34693877551,2451.519083523292,3442.1862946245383,0
6944.211920529801,2461.0127325001467,3567.7985709424975,0
7473.813257305774,2507.3553323768533,3803.6673619298085,0
8022.769701606733,2580.1574803149606,3652.302333681644,0
8559.804081632654,2769.248646507329,3637.4156621281763,0
8365.185480654169,2749.822330033436,3898.7767242981968,0
9515.208711433757,1956.6635566337004,4028.7234655652674,0
8511.16883116883,2721.100298429999,4327.593891869583,0
9613.348613339445,2885.2610579899565,4167.631160572337,0
10392.22993062438,2792.8512451724596,4374.991133827058,0
10165.545322346097,2937.8048609651887,4265.104738661786,0
10376.803562592775,2726.583891308587,4429.511036012251,0
10771.196712891628,2888.6391184573004,4250.840174318435,0
10899.95841995842,2966.4785345498267,4729.7068110058635,0
10732.610030706244,3009.6900114810564,4491.170360852339,0
11166.943556975506,3165.990338164251,4714.820143884892,0
11190.779082177161,2203.469398476491,4731.841155234657,0
11696.33017289459,3051.734575087311,4578.934497816594,0
10931.206671879072,2972.3648217702503,4797.328148232872,0
11413.072108843537,3134.287849349873,4813.845977275336,0
11002.896117523609,3035.830920671685,4813.293550608217,0
11676.792873051225,2878.9237421923262,4499.360652220554,0
11891.98752480862,3044.6457607433217,4852.272096251735,0
11202.735042735043,3141.33013780707,4624.370452039691,0
11262.900107411386,3064.667543475084,4628.963690541883,0
11046.362918093231,2910.0839519877886,2745.682115737104,0
10897.126526370486,2059.0594010800196,4743.078140902408,0
11072.608236536431,2996.1454389599257,4393.321462239447,0
10939.760041731874,2836.864389584038,4259.473951457297,0
10688.848114169215,2923.471108942636,4325.808580858085,0
9547.698611427271,2749.6420610987284,4269.880891784587,0
9586.980571428572,2890.629910406616,4017.1477827794274,0
9014.192993767461,2651.937278705109,4274.667753770893,0
8106.501739466564,1915.294762317914,4193.884611538846,0
7683.2826525004575,2351.5945279210587,3906.03836841125,0
8531.944670463792,2434.020427112349,3699.659521919379,0
7644.075086568252,2367.122298098087,3560.831989133203,0
7605.265639165911,2320.885347498893,3522.8489837056945,0
7942.253361105852,2357.9401843939736,3826.5705683787974,0
7656.63380795911,2553.1434136839543,3604.9024495058015,0
8600.172237030962,2990.8043354249858,4203.130574205832,0
9506.582048957389,3390.7065481002423,4972.500296384113,0
9974.563614744351,3434.294604110374,5040.624924888835,0
10082.461538461539,3239.845512127298,4568.460951966017,0
9300.0088691796,3405.8497766950873,5082.156791469769,0
9104.197959626656,3316.441843915553,4805.572868927589,0
9631.00803673938,3348.2110641015406,4921.7366815301575,0
9595.753832075041,2333.2799287939474,4886.18825722274,0
9410.599057662104,3153.849161591097,4743.614566840081,0
9210.153711023277,3079.0662164146233,4780.378390699795,0
6468.698334361506,3119.137354056667,4255.152683372223,0
8678.468859921373,2785.2473603824956,3227.8774819147297,0
7771.547155827311,2757.7776316654613,4432.31956039311,0
8410.475235612592,2864.374786587448,3909.3149408146146,0
8039.685643089899,1970.822291138051,3991.9139621204913,0
7669.233863594807,2537.6960309777346,4025.243761996161,0
7538.289000718907,2531.110977008026,3848.6915030280784,0
7124.688296245966,2420.395868197819,3560.831989133203,0
13684.515497553019,3924.678581454103,5984.168925667,0
14065.40576794098,3840.937728937729,5678.721906309233,0
15809.66453071994,3947.20873329569,5629.182660045632,0
15081.999280834232,3695.096467271606,5797.241188666206,0
15391.94128440367,3799.876789273419,5433.740121777432,0
14458.131678731472,3827.618178499726,5632.962664517862,0
14093.763440860215,3928.722367928063,5285.827347195967,0
15152.832369942196,3953.161168708765,5415.4990316333115,0
13842.587458745875,4122.166093366093,5733.84005468216,0
14533.277893277893,3941.644582276102,5487.7718173492085,0
14685.93837535014,3826.919708029197,5233.7209882705265,0
13985.675225075025,3932.40577536096,5766.951739309776,0
13374.69387755102,4094.4006247559546,5391.136246786632,0
12909.522930132349,4065.035859662725,5474.163403811015,0
12683.108557605081,4015.993872079663,5561.262264651286,0
13456.220725056144,4161.015873015873,5038.808265257088,0
13344.906140629972,3818.2102867546655,5269.226130653266,0
13181.34506599623,3831.814361410561,5523.181459046616,0
13336.41971383148,4036.477721104802,5566.428666224287,0
14107.985200134544,3923.577174929841,5258.655967903711,0
13103.105279600126,3884.334135951102,5144.491598184717,0
13323.710292249047,4018.6873622688513,5171.130563432376,0
13644.45022771633,3857.1859481331617,5433.036269430052,0
13323.710292249047,4088.8126340417234,5713.532216319302,0
13490.845931167578,3866.4306784660766,5553.162981596716,0
13495.186615186614,3947.5802352941178,5792.437508631405,0
13783.450542228064,4138.843497138346,5569.385207807728,0
13600.207522697796,4285.587003167467,5861.240916713247,0
13285.726955970858,3903.8570364854804,5534.842966481921,0
13751.816393442623,3946.837301213889,5603.612558450234,0
12834.467564259487,3838.477166651414,5706.536054421768,0
13210.406299212598,3755.308443011908,5379.38181351802,0
12610.65544197234,3862.869773438939,5452.813312532501,0
12733.163327261687,3765.422389801598,5027.935746823304,0
11545.015139003579,3614.532919682868,4930.994592052669,0
11554.556473829201,3794.0334690185437,5134.415473130126,0
11075.532083443359,3694.1201338735245,4976.630280018984,0
11450.461370461371,3544.8816768086544,4459.179247288965,0
11878.516001132824,3568.102084219481,4927.518796992481,0
11745.460655278634,3822.3858561924726,4647.943262411348,0
12004.304522037779,3599.025227389737,5079.694804408381,0
12803.125763125763,3720.9936124911283,4897.599252685661,0
12810.946854001222,4099.603166845861,5132.530592266275,0
12969.400123685838,3895.8796210291657,5495.681341719078,0
12799.218797680805,4202.288347860936,5382.8336755646815,0
13888.423841059603,4115.6942400157,5674.880259775403,0
14089.029224051059,3996.8591576138747,5370.427656850192,0
14271.19428376999,4102.8113078352735,5699.5570050278575,0
14126.992253283934,3974.89006823351,5302.533501896334,0
13778.92247043364,4098.00097703957,5362.188698542573,0
14290.64395229983,3973.3838575217887,5545.820441623694,0
14905.131485429993,4204.39454691259,5518.094987501645,0
14498.112685793294,4052.0761279103467,5328.130081300813,0
14706.535764375876,4067.006690584699,5521.000394892721,0
13893.024180192117,4297.002356315951,5287.826525466465,0
14619.393516904845,4123.381832481321,5730.706380653095,0
15592.208178438661,3980.5485432286227,5695.687126561651,0
14990.36454610436,4283.8361760800735,5806.068660022149,0
15768.060150375939,4274.667753770893,5617.12066425606,0
15580.624071322436,4364.974503070039,5836.77150013916,0
15324.457435147971,4386.888400794896,6112.363742349169,0
14889.258075967342,4237.526773085472,5658.038580871442,0
14711.694142406173,4268.577244046408,5666.4469062415565,0
13243.77644458478,3873.57222016993,5564.951572243598,0
15650.388059701492,3815.778748180495,5728.3583720295,0
15218.809869375908,3845.5157238470706,5393.909465020576,0
13078.59058309947,3699.9858856739593,5158.41101955479,0
14189.120433017591,3708.1637344178234,5196.11496531219,0
13538.74757908328,3495.83597266211,5375.934375801076,0
13635.57867360208,3680.1825041677635,4906.76649508657,0
12941.388460351744,3447.278704693022,5164.127062299926,0
14013.711994654193,3727.938849880011,4842.188870930501,0
13332.180546726002,3483.9305590165295,5128.764979212521,0
12933.40733888375,3798.1562981073985,5193.541357107479,0
13516.932001289075,3667.9527765631833,5201.914920004961,0
12985.461300309598,3685.0325074679317,5291.829422154933,0
13543.119147562156,3620.460940871817,4851.149664584779,0
13404.614892937041,3665.068157986718,5273.200905204928,0
12989.482812016104,3819.9489981785064,5135.044074436827,0
13783.450542228064,3739.2386556120173,5171.130563432376,0
13640.013008130081,3756.9903260480114,5275.19054207018,0
12264.04678362573,3684.0614844093107,4836.0475037472615,0
12189.200813716943,3812.3104890019995,4757.604355716879,0
11293.22563274098,3907.1299487657197,5257.337678616194,0
10914.139994795732,3569.012933968686,4965.436249556055,0
10462.220004988776,3678.5686721627785,4921.159216238414,0
10307.947898746621,3758.6737162828213,4334.301953084634,0
10575.65305093293,3611.731680013778,4914.240187463386,0
9857.353701527614,3796.781026523038,4687.420652659812,0
10634.645030425963,3494.6708881853024,4518.263492405473,0
9896.894761680038,3071.850007323861,4105.622552858262,0
10027.02366722448,2929.3923732364856,4012.5361140342484,0
9554.223234624145,2961.242586839876,4139.660481642321,0
9528.178100863244,2918.9950588071542,3979.0380419315056,0
10133.616815655956,2996.7876536153185,4075.3050913330744,0
11250.815450643777,3305.7250945775536,4574.439960737267,0
11608.923332410739,3470.095143542649,4784.741044946384,0
12080.36866359447,3713.087818696884,4869.171116786626,0
13631.147221319467,3758.000179195413,5303.874557410218,0
14065.40576794098,3587.328087581252,5287.1599647043995,0
10172.942032500607,4109.645306682343,6832.226747027203,0
10205.119221411192,4341.4801780354,7026.811861283297,0
9637.64705882353,4169.702753752858,7207.946382539955,0
8644.484748557295,3993.814511521615,6368.515031885819,0
9129.96081845886,4193.046086174148,6518.967982592478,0
9633.220027560863,3940.9038804848255,6387.913493755711,0
8893.774385072094,3929.458497283118,6111.4731167128075,0
8793.090146750525,3748.9309974973185,6200.005912786401,0
9580.411146642302,3894.4326833797586,6300.5918581943815,0
9240.59043842256,3862.514043650428,6133.816905527932,0
9027.774429616875,3973.3838575217887,6286.4268585131895,0
9269.180110497238,3891.181000092773,6411.348211556099,0
9293.826722800797,3769.8220384684523,6260.155223880597,0
9448.758729443569,3789.2347998915893,6148.202873057754,0
9440.252081926626,4154.833085685983,6209.184307920059,0
9141.900610287707,4151.543106008116,6165.3740996619135,0
8843.14568838288,3845.868329359985,5853.061680156294,0
8224.125490196078,3996.8591576138747,6184.464759657918,0
8519.813122080033,3641.2049657088287,5698.008422768646,0
8376.88036748552,3615.1560075848993,5710.4206943498975,0
7989.150476190476,3437.6723219408245,5685.649993222177,0
7383.03819750044,3456.0843770599868,5116.87690618519,0
6806.7250892567345,3274.2419984387197,4836.0475037472615,0
6782.509702457956,3063.3245690914405,4702.661733378181,0
6287.369210013491,2968.998371911942,4598.513320907795,0
6185.376788084353,2799.188467698879,4239.66845244112,0
6289.254760833708,3030.566473988439,4372.710592160133,0
6037.575932057003,2962.4975278994207,4436.06980433633,0
5623.145193725701,2945.8519454979632,4482.5307256599335,0
6250.82563338301,3081.101887901271,4313.796153450581,0
5824.613248159978,2822.5464333781965,4241.3833552432,0
6441.873752111811,3254.6783580352294,4470.109772993712,0
6663.972036860502,3096.79858239811,4772.219820229832,0
6772.652995317294,3398.123632828324,4928.097755845377,0
7342.96918767507,3411.389995933306,5454.231469440832,0
7806.260934301135,3476.1345930714406,5311.93515704154,0
7497.861994994637,3853.6420433664093,5551.692918596956,0
7886.9951109439635,3587.0212947917557,5553.8983050847455,0
8687.456503728252,3822.037543284126,5671.810682893847,0
8973.692768506633,4324.024742268041,6504.813895781638,0
9023.889845094664,4300.086118515481,6607.284183994959,0
11119.575821845176,4527.0415542363735,7232.805656147611,0
6693.750398978615,4696.868980963046,7703.037649219467,0
12516.574156968069,4632.030922142463,7742.853978216725,0
12877.81393920786,2933.489998601203,8495.653230706906,0
13582.590673575129,4947.863631001534,8466.499798142915,0
12869.911015648971,5187.118476378927,8754.548111041537,0
13626.718648473034,4138.435125801678,8277.686994276692,0
13720.32711808963,4718.533018337271,8222.51323269947,0
14093.763440860215,4779.288969917958,7679.06261442695,0
13815.230566534914,4447.35871063514,7471.150694691842,0
15442.945508100147,4626.410765497463,8413.849548645938,0
14413.415807560137,4730.240216533213,8351.859816806053,0
16358.439937597504,4629.985649630202,8434.152423084657,0
16448.250980392157,4790.75271273558,8217.680250783698,0
16301.220365332298,4623.350970017636,8371.864271457085,0
16113.346139070303,4886.18825722274,8371.864271457085,0
15984.390243902439,5224.593921275536,8769.190884382188,0
15984.390243902439,5205.142715313974,9131.948617461354,0
16837.83219590526,5211.610337972167,9053.1059788474,0
14413.415807560137,5607.358288770053,9328.96797153025,0
13865.467768595041,5160.314960629921,8897.547730165465,0
14334.6001367054,5332.194253750318,9576.036529680365,0
16804.102564102563,5560.524990057006,9442.377307519135,0
16932.99959628583,5244.19104776194,9702.299329169558,0
16584.83194938711,5542.888859521607,9442.377307519135,0
16591.392405063292,5409.9110021927,9297.947240079804,0
17425.442459493144,5186.47706195128,9841.163772876584,0
16119.538816295157,5400.159649800437,9677.67420396862,0
15917.662239089184,5096.9789767894035,9431.760737575894,0
15448.633517495397,5040.624924888835,9368.559303104757,0
14952.955436720142,5416.897843213224,9416.937584193984,0
15274.231609613984,5378.002307988204,8423.9887527616,0
14403.516483516483,5265.918392969241,8747.24504692388,0
14398.571918983866,4924.62604203358,9244.663874807142,0
15650.388059701492,4933.314514231945,8899.435603649481,0
15130.966810966811,4967.788700698804,8843.14568838288,0
14737.540407589599,5003.941780004772,8859.957752429234,0
15738.476547842401,5021.91570881226,8371.864271457085,0
15369.380725540492,4825.476300046019,9000.652360515021,0
14004.353923205343,5215.498632181049,8328.641779189833,0
13925.31208499336,5599.871829105474,8312.136345620293,0
14324.808743169398,5918.30675885424,9339.354264083722,0
13595.799027552674,5366.991682661548,9586.980571428572,0
11357.443812618467,4871.433217189315,8228.966058465765,0
11040.54751250329,4305.8248639770045,7175.88366124893,0
10570.322580645161,3895.8796210291657,6170.816536707371,0
8975.613096511877,3753.9640204063367,5826.231421030699,0
8776.530654948734,3565.9785750722667,5689.50623982637,0
8667.708204174416,3768.1286497170067,5205.788755119772,0
8689.2562668324,3553.8925605829522,5461.333333333333,0
9165.874125874127,3763.395244504262,5904.144144144144,0
8716.342477140483,3864.2933480744427,5780.463065049614,0
9765.550640279394,3793.3472008682284,6289.254760833708,0
9423.284655133677,4131.098197577071,6273.263535746336,0
10356.306172839506,4214.95729072455,6589.63707776905,0
10459.610972568578,3979.415559772296,6483.6976348740145,0
11287.147470398279,1660.0585767434497,6888.329775004106,0
11040.54751250329,4326.254770500258,6785.801650218411,0
11488.096411941933,4184.261771747805,6903.067807768269,0
3047.0788231020706,4598.009208506906,4254.721038750254,1
3177.0216633843356,4508.549930130065,4149.079038480562,1
3287.0721003134795,4171.77640740004,4056.7791856078925,1
3158.59929211537,4190.532520731342,3864.2933480744427,1
3102.2958579881656,4023.6991557943206,3875.719829975975,1
3014.2321236076177,3590.7062751476756,3880.3811638449442,1
3276.0321799578223,3781.0366898043812,4012.920015308075,1
3016.8337768826873,3619.836023129369,3868.5703744696552,1
3079.518355359765,3472.680907435006,3740.9061719586157,1
2990.164682398232,3808.8485288775883,3763.395244504262,1
2401.410740867972,3693.7948040510787,3771.177845711203,1
3006.669534050179,3569.3166539017957,3574.4878131924324,1
2995.2895808041135,3401.706407137064,3675.9894829097284,1
3184.0157898732255,3701.291916696082,3696.399048206574,1
3070.0512370077586,3687.948650312143,3968.8720666162,1
3155.510081251881,3788.5502664619275,3753.2921700223715,1
3179.912054586808,3898.7767242981968,4107.23070896984,1
3094.057244024786,3880.740192450037,3949.810716639985,1
3257.2058709326707,4097.200351665527,4026.4029951041566,1
3280.90112640801,4072.9306661487667,4050.9020668340736,1
3028.8157134604276,4046.212618174802,4046.993438826708,1
3169.3395798700317,4220.895642548053,4117.714510111919,1
3006.4540176331448,4014.0721600153124,4126.627312081858,1
3320.9057798891527,4182.592740327084,3781.0366898043812,1
3265.828856186249,3922.1095941649523,3957.263892820077,1
3101.3782904466134,4095.6000390586855,3960.25304503824,1
3132.1813158091254,4247.826615353453,3872.8568790397044,1
3036.2704502678444,4039.587787729943,3869.9981546410777,1
3185.466697045644,4055.6023979887837,4127.439480417241,1
2982.7222301237375,4628.452880158905,3985.465602432535,1
3045.0878466676345,4622.331937403571,4183.009873341976,1
3127.5102527775707,5281.168471417779,5004.538837847512,1
3490.308729300158,5727.5761300013655,5141.338563373376,1
3296.6312976499253,5299.853424311347,4859.580581624377,1
3549.681787406906,5442.906825849987,5079.694804408381,1
3315.917463831133,5287.826525466465,5125.004887585533,1
3519.0066280728247,5572.34489172313,4834.932564841499,1
3372.982710092481,5364.24606727203,5158.41101955479,1
3445.579561324242,5753.503429355281,5442.906825849987,1
3584.5688402700625,5813.311157311157,5006.928494687836,1
3471.2438963833483,5874.375350140056,4989.655008327385,1
3479.883846345308,5402.942161535489,5058.253738543174,1
3345.8072750478623,5899.161744022504,5181.991598715098,1
3597.173241852487,5549.489282879069,5119.375076284633,1
3566.2817787603094,5012.91263296283,4728.640360766629,1
3387.4204490389275,4536.835045970795,4736.6504799548275,1
3257.96489047693,4512.430338891877,4320.016479555052,1
3100.2320940202526,3992.6739647786767,4297.882979813506,1
3079.0662164146233,4079.268624781171,4033.7603385266398,1
3037.8098066198304,4048.5559845559847,4254.721038750254,1
3325.1181227207862,4032.209190540281,4127.845684479874,1
3223.9077632590315,3789.91958073552,4096.400039066315,1
3365.1347881899874,3816.4731574158327,4166.3891924108475,1
3381.412447597549,3794.0334690185437,3965.869894099849,1
3469.234077750207,3487.9866943866946,3864.649405694278,1
3423.642151661089,3374.3395012067576,3857.5406971397038,1
3273.730877302529,3336.491925861109,3930.9315838800376,1
3074.77750898028,3236.3456790123455,3748.260947274352,1
2970.259896607889,3204.9392526935126,3433.170172710158,1
2824.6373493164524,2898.420288853569,3238.3446571957998,1
2853.8504456691844,3049.959278650378,3263.03407499611,1
2808.372279879478,3261.004509407557,3287.3297280351126,1
2975.738914508691,3134.522083551304,3549.3813996784293,1
3092.232379828959,3228.622892771919,3459.5051138238205,1
2957.0671178793004,3465.5077253573495,3455.5149118470918,1
3011.20252710173,3378.4164317358036,3451.817957369764,1
3006.88508136784,3408.89466840052,3748.5959424434714,1
3072.0750018310996,3404.1912182452725,3557.8115192128257,1
2848.42376910017,3507.236391002592,3767.113346506197,1
2943.5777949329777,3540.991135500211,3829.0158846083623,1
2920.6211266624887,3997.240064805108,3660.909487649472,1
3042.657961552412,4012.920015308075,3771.516949914576,1
2884.8641584703214,4430.914853158673,4191.788926644013,1
3131.2459873086973,5247.471537595396,4643.826395039859,1
3478.440869132526,5619.378349410504,4948.447380840019,1
3315.1312045526397,5531.1934590531455,4838.278924904834,1
3357.592058917707,5510.120861797162,4992.624687537198,1
3470.095143542649,5602.115667156404,4644.34060458421,1
3557.8115192128257,5455.650364203954,4687.420652659812,1
3241.5982687997525,5471.307070180015,5090.792571914068,1
3465.7940836225416,5596.882839605018,4855.080449126056,1
3279.3620015637216,5723.668122270742,5058.863828247498,1
3406.4029887111183,5687.19186440678,5207.081315952824,1
3357.3233010485874,5677.95316095844,5025.526000479272,1
3517.531029855753,5545.820441623694,4993.219047619048,1
3529.964652415418,5366.991682661548,4922.314282361225,1
3506.943143812709,5681.798970468708,4964.848484848485,1
3562.0416135881105,5196.758765952174,4993.813549232052,1
3353.297089862488,5389.750706759188,4771.676905574516,1
3415.278886084195,4964.848484848485,5158.41101955479,1
3462.3609047383193,5536.3041182682155,4851.149664584779,1
3240.346106304079,5230.457663050256,4964.848484848485,1
3518.711409395973,4988.468125594672,4865.781902552204,1
3503.4279986635484,5207.727837099578,4721.72013959248,1
3455.799620993656,5214.20188960716,5144.491598184717,1
3462.9326287978865,5597.629787801949,4914.240187463386,1
3673.413907864775,5579.75788213383,5378.691972300589,1
3601.80678402748,6071.66184134337,5136.301738917463,1
3644.685436218283,5650.416273743769,4948.447380840019,1
3380.594825501733,5088.939577772386,4672.278043889941,1
10412.86991062562,9206.11062335382,9208.1317233809,1
9868.950588235293,9461.547484773291,9347.67996434143,1
8632.031282156822,9289.709856035437,9967.45247148289,1
10405.120317539073,9304.13487133984,8973.692768506633,1
10118.948130277442,9682.142197599262,10114.068000964553,1
9504.427826875142,8573.802125919869,8925.950202170674,1
9758.73429502094,8765.525600835947,9504.427826875142,1
10277.63783386425,9834.241500586166,8977.534246575342,1
9754.19534883721,9347.67996434143,9068.765405405406,1
10483.1392151962,9436.004499437571,9880.574793875146,1
10449.187842551071,8979.456219225005,9362.285714285714,1
10691.572775936784,8703.681261672546,9573.850719013924,1
10012.661733110528,10106.756626506025,9633.220027560863,1
10564.997481108312,10070.357743097238,9899.230587679962,1
10732.610030706244,8954.534585824082,10084.88578985333,1
10688.848114169215,9927.34674556213,9675.441753171857,1
10675.245609569865,9779.211937514572,9808.942937324602,1
10060.695610458144,9541.18289353958,9578.223338661795,1
9915.612293144208,9349.763709317878,9459.413622011727,1
9751.927458730528,9191.987727372343,9018.069232423135,1
10101.88824662813,9179.916830816372,10392.22993062438,1
11002.896117523609,9536.844020009095,9986.438095238096,1
10245.002442598925,7814.987888950996,8678.468859921373,1
8886.237288135593,8289.138339920948,8815.266918873476,1
8507.71602434077,8397.005005005005,7687.5073313783,1
9076.615451201038,8289.138339920948,8817.120033634643,1
8727.22430295464,7948.273640325942,7851.561213028828,1
8605.465736561346,7735.713758760605,7264.1219258746105,1
8002.869681358519,6601.045011016682,7399.971771347919,1
7687.5073313783,6529.115815691158,6698.026189715746,1
7082.58020938872,6573.113931985582,6491.7257390496825,1
7043.331654072208,6042.794986313212,6732.430176565008,1
7077.799527505907,6625.0260622334545,6745.422965583789,1
7168.525038454965,6348.273043741487,6254.554130629287,1
7055.179142136249,6297.753753753754,6075.179606025493,1
6687.34693877551,6050.64050778996,6685.215173732866,1
6754.112721417069,6025.43312742422,6144.6000585994725,1
7226.57477601654,5824.613248159978,5920.813099943534,1
6824.445167588676,6221.156926727974,6101.693337212685,1
6996.336947456213,6141.900717528189,6040.184331797235,1
7406.505385837895,6188.114488049572,6516.942200124301,1
6891.725271114032,6397.657107992679,6735.673679139232,1
7277.987159465556,6178.9982321744255,6665.030986810742,1
7325.015717778554,6732.430176565008,6170.816536707371,1
7101.76769387064,6483.6976348740145,6623.979785217941,1
7040.966929662582,6240.595149531319,6513.905886007144,1
7717.210671573137,6520.995024875622,6653.401015228426,1
8214.46141793968,7076.605365277544,7674.847209515096,1
8048.942621377854,7528.817088493986,7431.438695960312,1
8649.832955248505,7791.759242058331,7858.916994566236,1
8763.69410781446,7918.263167830848,7987.62902304323,1
9129.96081845886,7817.901211556384,8142.698505144632,1
9106.174554928355,8200.007820136852,8752.721202003338,1
9314.46591161448,9031.662360034454,9080.54557263477,1
10126.277160791888,9657.619157264564,9244.663874807142,1
9878.247762600095,9655.395948434623,9318.604754499,1
10837.994832041344,9655.395948434623,10118.948130277442,1
10832.396694214876,9943.821716453296,9622.170222528102,1
10509.406163868705,9431.760737575894,10010.272076372315,1
10438.785465405674,10798.9289392379,10707.949961705386,1
11570.493793103447,10854.824016563147,10407.70223325062,1
11915.636363636364,10262.549547345241,11037.642105263158,1
11078.457474907555,11855.014132278124,10757.383944601179,1
12129.277038750723,11586.475138121546,11250.815450643777,1
12625.83985550873,13706.875816993464,13041.990049751244,1
13883.826547500828,13447.5921769798,13842.587458745875,1
14583.810848400557,12893.648939440516,13702.397909180007,1
14037.161981258367,12881.769041769041,13711.356652500817,1
12449.700207776788,11503.85079539221,12401.845062093436,1
13332.180546726002,12228.291545189504,12449.700207776788,1
12965.391035548686,12889.686539643515,12625.83985550873,1
12660.138846966496,11181.828845641163,11416.178551986935,1
12539.025411061286,12479.333531686998,12024.954128440368,1
12090.815797059671,11963.217341699943,12438.623962040332,1
12535.27794381351,12038.760045924226,12087.331412103746,1
12401.845062093436,12303.61982986213,12282.002928257687,1
12449.700207776788,11752.042588960494,11844.970347359504,1
12830.541449984705,9608.943871706759,11946.180575334662,1
12550.281268701376,12350.718492343934,12059.528464634848,1
12603.076923076924,11284.110842076943,11657.320733740968,1
13131.822166562304,12314.456840869054,12394.51536643026,1
12641.060880048222,12303.61982986213,12231.85768445611,1
12862.017785955228,13547.493540051679,12372.578171091445,1
13833.456464379948,12587.94717887155,13477.840616966581,1
14251.797485558953,13824.337508239947,14354.22313483915,1
10168.009696969697,10546.401810409856,9318.604754499,1
9628.797061524334,10527.871485943775,11683.298050139276,1
8772.859234469775,11715.932960893855,9116.070419474026,1
11844.970347359504,10621.180045581159,11557.740424359328,1
11576.881037813966,11885.247945593652,11871.791678460231,1
12278.4074941452,10270.088148873654,11403.762914627516,1
12203.38667442537,10648.144199035289,10688.848114169215,1
11650.844444444445,9967.45247148289,10928.358520062533,1
10423.220675944334,9175.900240647561,9402.160950459538,1
10428.40377921432,9586.980571428572,9697.812716763006,1
9230.422535211268,8418.91609795263,9258.949227373068,1
9565.117445838085,8248.385447394297,8395.324259407525,1
8535.417175417175,7745.713758079409,7703.037649219467,1
8045.854594283522,7424.861037351744,7401.277571907535,1
7826.654226534802,6665.030986810742,7163.6276686592655,1
5416.897843213224,8366.85417913425,12490.482430017868,2
4971.321559796136,7942.253361105852,15821.59185213127,2
5058.863828247498,6634.457450173995,12274.814164471758,2
4971.910858226648,7621.849900054515,15358.1252288539,2
5042.442894926665,8579.06320310902,15881.49943203332,2
5326.1003174603175,8403.734722500501,11712.66126780229,2
5445.026613007919,8368.52354349561,17147.604251839737,2
5172.405968676779,8705.487754254878,17704.955677501057,2
5179.431958508274,9815.829627896092,13943.829787234043,2
5272.538026398492,9491.522968997511,16352.06237816764,2
5201.269841269841,9495.820692777903,18228.17905258583,2
5484.901268471296,9210.153711023277,4590.963222416813,2
5544.354263053536,8954.534585824082,18691.19429590018,2
5259.974918485076,9915.612293144208,15833.53718384296,2
5594.643190609577,9395.84229390681,4279.465360677482,2
5605.8593958834535,8944.986137769247,17091.70334148329,2
5701.881457313758,9880.574793875146,17070.83435083435,2
5384.215661103979,9098.273318872018,17396.532559104107,2
5658.038580871442,9183.936938909568,17140.596648957908,2
5432.3325994042225,9470.092571686611,16163.02119460501,2
5394.603215434084,9265.085045283853,16926.166263115414,2
5470.593452458589,9335.196973069218,17425.442459493144,2
5813.311157311157,9020.008602150538,16898.887993553584,2
5477.738017500326,3599.334077061701,17396.532559104107,2
5093.883896040807,8763.69410781446,15218.809869375908,2
4727.574391343553,7684.690362770246,13631.147221319467,2
4550.123671078325,4413.198653198653,13009.627791563276,2
4400.696674011122,6644.968314321926,12125.770453888406,2
4430.914853158673,6226.698337292161,10436.188106494154,2
4089.609984399376,5400.85500901365,8605.465736561346,2
4301.850256410256,5169.21863445896,9936.754323619994,2
4102.00880195599,5124.378741600489,8906.995115735825,2
4184.261771747805,4532.422736114113,8586.088024564995,2
4011.3848508033666,5179.431958508274,8561.551337007553,2
2445.088026116358,4666.040716431194,8646.266749123892,2
4031.821589925983,4635.102221239916,8335.262321144673,2
3869.2841328413283,4899.887850467289,8378.553735517378,2
4231.968519826455,4791.299977153301,7803.356279069768,2
4065.035859662725,5046.082771896054,3516.646264777396,2
3980.5485432286227,5374.556637621732,8756.375782881001,2
4134.355840315427,5543.621464446207,9220.276983952517,2
4148.6686449060335,5534.842966481921,9033.60758130519,2
4357.265738624558,2932.874624152157,9697.812716763006,2
4287.3392619850765,5802.855561704482,9688.85192885193,2
4044.261884099894,5759.033365371413,9385.330051465653,2
4209.8805580648395,5956.126100539619,8954.534585824082,2
4309.806822852445,6123.965542414951,10104.321850156588,2
4489.7281096125025,5991.862857142857,10618.491139240507,2
4761.384947213078,5838.396436525612,9957.98670465337,2
4336.5425971877585,6218.389918458117,10837.994832041344,2
4607.606283642755,6413.308868501529,10707.949961705386,2
4537.816726171157,6508.851644941031,12264.04678362573,2
4542.731506552583,7296.979819067502,13273.113924050633,2
4993.813549232052,7909.304167452386,13693.45086516487,2
5072.9366231253025,7730.011057869518,12854.134232301563,2
4796.779505946935,8055.1257922028035,14563.555555555555,2
5157.77668470241,8302.264449722881,14990.36454610436,2
5356.710089399745,5988.440890919474,15779.92475545523,2
5222.642261237704,8761.863379987466,15147.360057782593,2
5286.493571968742,8908.887000849618,15511.479289940828,2
5279.174323473883,3832.164458656921,15545.974796145292,2
5187.118476378927,9183.936938909568,17015.43204868154,2
5617.12066425606,9102.222222222223,15471.42751752121,2
5432.3325994042225,8568.547497446374,17098.67101508357,2
5429.519741100324,9010.320085929108,15482.849760059062,2
5340.341227400051,9194.002630425251,16441.803214425716,2
5409.213309259737,9234.487010127697,17288.96949711459,2
5454.231469440832,8918.35849457793,16783.929571828732,2
5217.444955840278,9402.160950459538,15218.809869375908,2
5433.036269430052,8985.227077977721,17962.758029978588,2
5645.852739265042,9337.27515583259,15240.93023255814,2
5237.642357642358,9016.130696474635,4633.054236164808,2
5537.766041721679,9495.820692777903,16885.28180354267,2
2891.8257032542747,8992.933104631218,16677.153081510933,2
5637.5053763440865,9159.868967023367,5774.09691629956,2
5306.558704453441,8716.342477140483,16526.02048857368,2
5005.136038186158,8798.623872456472,15923.705391040243,2
5164.762960226573,8371.864271457085,14553.448993754337,2
4872.565055762082,7949.78013646702,15313.26761591822,2
5047.904681670478,8075.286869464767,15279.795992714025,2
5045.47576085649,7394.75317348378,14122.23569023569,2
5055.205495962396,7566.84827710626,13123.60450563204,2
4770.0489025361085,7799.003346969133,13168.929356357929,2
4631.008060064039,7651.047063115651,13742.804718217561,2
4639.716814159292,8228.966058465765,16119.538816295157,2
5151.441906165562,8608.998357963876,14290.64395229983,2
5155.874615857406,8172.844894777864,15809.66453071994,2
4878.799581249273,8317.081102518343,15196.753623188406,2
5049.7279075367205,8402.051282051281,14070.124119423012,2
5357.394303231575,8075.286869464767,14609.209334726576,2
4948.447380840019,7519.368949444245,14344.404924760602,2
4715.3501967397415,7619.080835603996,11791.689626089401,2
4911.9381660616,7354.557250569876,12524.048969841744,2
4634.590055248619,7345.5411558669,13256.333754740834,2
4472.016206418595,7147.757327880027,13168.929356357929,2
4613.6882631173685,7239.047290300311,11055.097522403796,2
4841.629920350918,7445.9506479673355,13999.679572763685,2
4881.638733705773,7255.326068154299,13456.220725056144,2
4828.809578632282,7783.084060122472,12464.499257057949,2
4617.751844104371,8261.38270632263,15174.761215629522,2
5213.55376009944,6721.641025641025,12164.45475638051,2
5088.939577772386,6548.4839968774395,13720.32711808963,2
4929.256081795746,7267.898111245885,11791.689626089401,2
4532.912568896574,6857.9202092871155,10163.082141991761,2
4990.842455973346,6930.44282881692,13426.06914212548,2
4473.924266666667,6649.181991122385,11949.584045584046,2
4707.4118967452305,6194.511888938118,13417.47920665387,2
4760.844494892168,6963.81205379379,12925.436055469954,2
4743.614566840081,6980.036611749043,11946.180575334662,2
4631.519434628975,6108.802796387999,12471.911983348202,2
4778.744445710379,6260.155223880597,12779.719683120049,2
4474.878907500267,6540.31498518634,11735.601566871852,2
4846.105141536684,6710.8864,13050.105787181083,2
4747.372948500283,6762.824895195098,12846.260336906586,2
4663.446742272627,6999.839786381843,11657.320733740968,2
4522.64826396377,6502.796899224806,12516.574156968069,2
4706.883626977892,7003.346134580063,13706.875816993464,2
4383.22081722228,6165.3740996619135,11580.077305356157,2
4675.924191750279,6304.379978956861,11342.087614926988,2
4439.826399915317,6111.4731167128075,12278.4074941452,2
4491.651317198543,6285.484789450023,11096.042328042327,2
4638.177595930554,6107.913208096695,11641.143491534833,2
4394.2420115243585,6222.079810117193,11244.782841823057,2
4420.640809443507,5487.7718173492085,10353.749691434214,2
4444.531100985482,5668.744424922287,8791.24711800461,2
4340.132450331126,5740.903367095538,11287.147470398279,2
4332.9586776859505,5995.288736420812,11014.453781512606,2
4528.507881667027,6070.783036618903,10667.1007121058,2
4647.943262411348,5921.649018777354,11583.275338304336,2
4612.673485098428,6490.721138966264,11564.11359250069,2
4578.43466870429,6173.541360023551,10951.185378590078,2
4501.292122773128,6332.9367356183,12118.76336318983,2
4522.16064690027,6403.517557251908,11980.302770636961,2
4712.701123595506,6295.863104172921,11000.010490427485,2
4755.985939448917,6126.649138182881,12056.062086806554,2
4634.0780024306705,6608.325193004569,12014.62045259238,2
4462.975101085337,6079.582548195391,11339.021357123547,2
4683.756560580681,6185.376788084353,12069.939568345324,2
4497.913136729223,6499.773748644042,12214.047757716948,2
4574.938917975567,6231.323726043678,11265.925329035725,2
4703.189055842117,6398.633104500382,11709.391401451703,2
4632.030922142463,6526.06814999222,11976.881781838949,2
4842.747950583073,6227.62286562732,11602.500691562933,2
4594.9868536371605,6439.895593428528,11031.835875854813,2
4899.315500525639,6401.562881562882,11146.170608557002,2
4936.217488525362,5992.718959851407,11419.28668663218,2
4760.844494892168,6147.301773413455,11551.374277058661,2
4675.402965109798,6213.783703703703,11868.432371250707,2
4916.544367600516,6277.958389462655,11005.783258987143,2
4729.173525763897,6374.322188449848,12332.561011467216,2
4925.782736347622,5858.784746472971,11002.896117523609,2
4960.151371807001,6152.712336805046,11403.762914627516,2
4692.1400604094415,6140.102474015517,11163.971253659834,2
4597.001315212626,6448.806888068881,10951.185378590078,2
4623.350970017636,5806.068660022149,11602.500691562933,2
4879.934845840605,6280.778676250375,11125.474801061007,2
4597.001315212626,5853.878576413119,11002.896117523609,2
4452.079397091604,5883.439472576799,10323.170071375831,2
4701.080475229769,5881.789370354789,11265.925329035725,2
4552.593075002714,5759.824224114254,10192.719319562575,2
4588.954048140044,5617.12066425606,9254.863195057369,2
4499.360652220554,5407.12130978471,9731.563805104408,2
4156.068172810146,4961.911747308648,9177.908096280087,2
4324.470563975668,4648.973620039902,8848.742616033755,2
4240.525730462036,5023.7202060126965,8188.801249511909,2
3975.6436018957347,4883.343811852369,8219.290613364687,2
4244.387775753896,4922.314282361225,8492.212998582709,2
4159.777843895666,5348.5131344044885,9400.05378753922,2
4372.710592160133,5185.194708863889,8739.954157116066,2
4493.576173130491,5485.618624117185,9677.67420396862,2
4475.83395582115,5416.897843213224,9584.789762340037,2
4380.016708437761,5389.750706759188,9910.926275992439,2
4392.861332216171,5537.03498349835,10374.236952757854,2
4575.437984073306,5795.639076965594,10467.441976541053,2
4683.756560580681,5784.449041511516,11110.739072847682,2
4847.785483125289,6122.177784265071,10948.32680762203,2
4650.520013305245,6129.335086950168,11798.323488045007,2
4515.831180017227,5844.0908457572805,10691.572775936784,2
4557.539932630664,6211.943127962085,10724.377397085145,2
5003.941780004772,6413.308868501529,12846.260336906586,2
4837.720876585929,6792.395141700405,12822.696423112198,2
4566.968641114982,7330.136315973436,14184.321947920189,2
4887.896515557627,7957.321191424777,16597.958053027305,2
4946.6965444038215,7538.289000718907,16206.738794435858,2
5141.968861100895,8067.5206770532795,16008.79389312977,2
5061.916485638426,8245.1425201494,17832.92517006803,2
4846.105141536684,8361.850079744816,16797.3728474169,2
5139.448596985663,8198.405003909304,14558.500520652551,2
5277.181680926019,7943.757575757576,18758.067978533094,2
5209.021361152509,8348.535031847134,16630.86439333862,2
4960.151371807001,8341.89339697693,14722.021762021763,2
5005.733381071727,8274.4209903334,18682.86859688196,2
5179.431958508274,8446.04107933951,16008.79389312977,2
4984.910862847635,7943.757575757576,16804.102564102563,2
5175.5972359328725,8101.804133668147,17217.99671592775,2
4987.2818073721755,7921.254013220019,16082.453987730061,2
4968.377161809997,6937.320542507443,15603.809523809523,2
4772.762858443331,7296.979819067502,15551.738969225065,2
5111.264928101389,7885.512314344802,15207.773749093547,2
4722.251745102454,7410.43109540636,15917.662239089184,2
4888.4662004662005,6813.359324236517,13609.033095392602,2
4681.142857142857,6384.996194245699,15369.380725540492,2
4499.360652220554,6457.742879137798,12278.4074941452,2
4639.716814159292,6436.930632289748,14388.692967409948,2
4476.789411890277,6486.705845963502,13783.450542228064,2
4574.439960737267,6233.175806211919,13421.7728,2
4639.203627917266,6177.178203240059,15592.208178438661,2
4572.445219666412,6626.072669826224,15060.337522441652,2
4684.279651552379,6750.851440527926,14593.959638135004,2
4692.6650257328265,6828.88961250407,15732.573143285821,2
4645.8839167035885,7159.959030385798,16403.222526398124,2
4611.152154793316,7115.019508057676,15773.990221887927,2
4542.731506552583,6587.567143081514,15899.56027293404,2
4710.584007187781,6327.204706592246,16045.539403213466,2
4554.0760043431055,6032.3658852293975,13617.87012987013,2
4311.135779627916,5563.4752619710835,11976.881781838949,2
4315.57156086017,5003.344864606943,11641.143491534833,2
4134.355840315427,4792.394881170018,10399.960327299777,2
4178.009761928479,4661.891741691675,9513.050578362441,2
3844.105948125745,4482.5307256599335,8846.876186458552,2
3958.0107577616304,4090.407645796762,7741.424880029531,2
3821.34110787172,3882.17697149204,7591.500452488688,2
3572.052461250213,3845.868329359985,6799.001458907441,2
3374.882523334406,3486.826835148391,6657.625396825397,2
3540.692216782036,3348.2110641015406,6630.262409105279,2
3462.0751134956668,3599.334077061701,6887.1986863711,2
3308.854528242348,3494.08863712096,7025.634840871022,2
3410.280510610619,3752.2848452317053,7146.539444539104,2
3508.116426898628,4398.3892617449665,8336.919101570264,2
3937.5741644761547,4555.559900076029,8880.592843531653,2
3977.9059180576633,4837.162956983047,9519.527916477531,2
4135.578781305462,4641.25705433219,9644.295240285122,2
3974.5134085094287,5165.399014778325,10415.455674199156,2
4012.152286206237,5162.855736090596,10533.159216474134,2
4311.135779627916,4789.658558867192,11253.834182989,2
4399.311936228236,5000.362422508345,11081.384412153237,2
4193.884611538846,5145.122669283612,10686.12484076433,2
4277.719530851607,5149.544505831798,11193.765679210035,2
4353.195640892579,5601.3675213675215,12271.222937390286,2
4407.17032678365,5605.1102498997725,11497.543859649122,2
4387.347280334728,5457.069997397866,10779.501413518376,2
4064.248062015504,5223.94320587869,10804.492529623905,2
4131.50512214342,5447.855565657877,11952.98945568538,2
4048.165235015925,5189.043671903996,11348.225108225108,2
4198.922815096606,5303.874557410218,12206.938300349244,2
4557.539932630664,5683.338753387534,12490.482430017868,2
4846.665125953316,3730.5914791425776,11596.08515344208,2
4450.662139219015,5429.519741100324,12648.685162846803,2
4161.4287131659885,5567.167507300239,12069.939568345324,2
4496.466552315609,5654.987191586895,13160.665202384687,2
4651.035706365048,5988.440890919474,14084.298186702485,2
4533.402507565932,6130.230926629641,12713.86480751743,2
4634.0780024306705,6003.011306712466,13778.92247043364,2
4569.456367796056,5778.870212179664,14862.877391920623,2
3880.022201665125,5740.117695360613,13503.876368319381,2
3800.9098323516087,5298.514401212734,12775.826987511422,2
3875.719829975975,5137.560019598236,13298.36398224477,2
3591.3211747581126,5126.884243979954,12160.927805160916,2
3721.6539485359363,4869.171116786626,10832.396694214876,2
3749.93652212785,5499.284122197457,13260.524818210559,2
4555.0651607298005,6116.820767099314,13413.188359449952,2
4626.92112520684,6409.388753056235,11959.806102081551,2
4529.97515930446,6787.998057938178,12791.412015858494,2
4995.002977253781,6484.700061842919,13560.633688975106,2
5105.0438169425515,7043.331654072208,16187.973755306832,2
5036.388088376561,7118.642226748133,16844.59437751004,2
4798.974828375286,6475.689362359117,15263.11499272198,2
4292.165370446172,5651.939091766609,13547.493540051679,2
4187.6038338658145,5666.4469062415565,11844.970347359504,2
4030.2719323532237,5110.642134763008,11008.671916010499,2
4422.505272037115,5225.244798804037,11980.302770636961,2
3977.528686581318,5101.9389368689945,10971.23724823437,2
3839.8828160761695,5046.689929009746,10230.009756097561,2
3930.9315838800376,4691.615212527964,11256.854535695116,2
3618.8990509059536,4773.849305713636,11181.828845641163,2
3758.336917562724,5328.807013086012,12007.741196679073,2
3770.499820208558,5565.690021231422,12069.939568345324,2
4133.133622388648,6218.389918458117,14227.62550881954,2
4229.408087123122,6132.023391812865,13971.69886742172,2
4245.246963562753,6162.656479576844,14995.723989989274,2
4313.796153450581,6457.742879137798,15815.625942684766,2
4513.887214808437,6781.413096200485,14354.22313483915,2
4500.809099688808,6566.939095036793,15375.0146627566,2
4504.676189453335,6841.141738704942,15644.550540842969,2
4438.4169312169315,6703.378615950136,15732.573143285821,2
4425.304916649082,6049.7677772969855,15471.42751752121,2
4249.548125633232,6235.028987661662,13747.309078990495,2
4429.043294614572,5518.821052631579,12328.935920047032,2
4447.35871063514,5635.233104930808,12246.14306569343,2
3976.0204758744903,5437.967068585505,13090.83645443196,2
4299.20459204592,6338.679159740063,13747.309078990495,2
4701.607443111759,6892.85784716516,14055.97855227882,2
5525.364247134765,7191.879286694101,16571.726590280523,2
5088.939577772386,7250.309420916163,18212.34910985671,2
4733.977426636568,7004.515698062793,16717.03467516939,2
4758.683911958248,7123.478260869565,16757.107471034757,2
4832.704228597765,8168.070107108082,18396.070175438595,2
4948.447380840019,8340.23463909326,19849.995267392333,2
4871.999070739923,7930.2401210058615,18825.421903052065,2
4801.721808815111,7781.640074211503,21720.89073019161,2
13543.119147562156,11513.324183365357,9957.98670465337,3
13801.592629154327,11844.970347359504,10215.06088650755,3
11621.789969520643,10710.684371807967,10029.421329507413,3
11535.489548954896,10721.635991820041,9984.060937871935,3
15285.36443148688,11311.499460625675,10084.88578985333,3
15049.529960531037,12253.298276365762,10705.216947422154,3
14383.758573388202,11450.461370461371,9887.562470532768,3
15569.0571640683,11247.79833735586,11063.84595093643,3
15609.616672869372,12231.85768445611,11063.84595093643,3
16552.10734017364,12842.327005511328,10407.70223325062,3
18616.52907234798,13473.51108255702,11811.61362996339,3
15038.73789888849,14831.34370579915,12854.134232301563,3
20520.078277886496,15911.623672230653,12953.378628783199,3
21542.393425783255,17346.170388751034,14013.711994654193,3
20203.77649325626,15471.42751752121,13604.61887771651,3
21247.74062816616,17878.5336743393,14155.599055011813,3
22052.071503680338,18267.87456445993,15335.663619744058,3
22250.949602122015,17196.81836818368,14107.985200134544,3
20651.422944362384,17660.227368421052,14899.836589698047,3
19878.218009478675,16396.810007818607,12648.685162846803,3
22098.54583772392,13815.230566534914,13503.876368319381,3
20570.397253555664,13396.052379431492,13017.703289882062,3
17712.432432432433,13865.467768595041,4048.9468095376,3
19355.34840793724,13451.905067350866,11494.392984379281,3
19143.33181195801,10180.349514563106,11922.410460488914,3
16730.370961308337,13765.356087955366,11161.000532197977,3
19293.02667893284,14758.282899366643,12104.773448773449,3
20039.675107501196,14644.916201117318,11507.006858710562,3
19400.111008325624,15120.057678442681,12431.250740960284,3
19454.100185528758,15815.625942684766,12427.567407407407,3
20661.5960591133,15408.905216752388,12192.744186046511,3
20971.52,14826.101095793567,11895.360181508791,3
18009.033920137397,15076.578001437814,11615.353087787316,3
21323.35536349771,14614.299651567944,11400.663223702093,3
19454.100185528758,15569.0571640683,12196.289619075313,3
21334.2014242116,15038.73789888849,11621.789969520643,3
20068.44019138756,15252.014545454545,12941.388460351744,3
18910.29756537421,16113.346139070303,13086.751950078004,3
19953.872502378686,15839.5166163142,12779.719683120049,3
19275.29411764706,17008.53203568532,13434.670083279949,3
20733.089471082552,14841.840056617126,13408.900255754475,3
16539.05362776025,14665.398601398601,13490.845931167578,3
18275.834422657954,15263.11499272198,11997.437070938215,3
18291.774967291756,13893.024180192117,12376.228976099144,3
17571.445328864684,14453.14955203308,10885.813651699975,3
14974.309175294538,13486.508038585209,11888.616780045351,3
18468.974020255395,14883.974449964513,12901.581051984005,3
18608.26974267968,15087.424460431655,12764.16311625076,3
18212.34910985671,15797.75517890772,12937.396668723011,3
18485.253415601586,16474.092694422623,13434.670083279949,3
20490.00488519785,15092.853544440446,12667.786167321052,3
21765.978204462896,16008.79389312977,9318.604754499,3
20039.675107501196,16946.68282828283,12795.314215985358,3
20550.240078392944,16256.992248062015,13842.587458745875,3
20340.95053346266,17593.557046979866,13538.74757908328,3
20550.240078392944,16332.959501557632,12637.25218439289,3
20887.96812749004,16757.107471034757,13443.28205128205,3
20213.51325301205,18212.34910985671,12905.55076923077,3
22513.709071390233,17246.315789473683,13747.309078990495,3
18758.067978533094,17310.37556747833,12744.770586447888,3
21709.648033126294,16804.102564102563,13778.92247043364,3
22133.530343007915,17742.402707275804,14136.514998314797,3
20126.218809980805,17608.32913518052,12961.384425216316,3
21586.742151312403,17382.113551595525,14650.031435557108,3
20155.233061028353,17098.67101508357,13443.28205128205,3
19472.16341689879,16250.693529639675,13865.467768595041,3
20774.165428429915,17056.94997966653,13653.333333333334,3
20340.95053346266,18347.786526684165,12671.61329305136,3
22133.530343007915,16282.23602484472,14368.975676601576,3
21542.393425783255,17360.529801324505,13573.79935275081,3
23683.252399774137,17050.016260162603,13962.396804260985,3
22525.80021482277,17225.067761806982,12881.769041769041,3
21312.52032520325,18526.0777385159,13842.587458745875,3
21140.645161290322,16441.803214425716,14593.959638135004,3
20087.66283524904,18040.017204301075,13948.466910542069,3
21664.793388429753,15875.4882664648,13999.679572763685,3
20631.10673880964,18766.460850111856,14583.810848400557,3
21140.645161290322,18267.87456445993,14051.269681742044,3
22894.67248908297,17022.33766233766,16082.453987730061,3
6757.377154825197,18355.816192560174,14217.979661016949,3
21542.393425783255,18032.26139294927,14246.95652173913,3
22635.207771181867,19499.321245932126,16396.810007818607,3
21971.210057621793,18244.036537625056,14393.63074811256,3
22227.36618971913,17015.43204868154,14193.922165820642,3
21161.977800201817,18493.403880070546,14051.269681742044,3
21312.52032520325,17008.53203568532,13239.59595959596,3
21194.057604850936,16892.08215867902,12752.520522955305,3
21520.287326834274,17970.454155955442,13943.829787234043,3
21076.904522613066,17288.96949711459,14208.346883468836,3
21542.393425783255,18283.801220575413,14368.975676601576,3
21631.27385250129,16545.577909270218,13838.020455295282,3
22770.380021715526,17667.66638584667,15141.891696750903,3
21410.433894844307,17126.598611678237,14150.823211875844,3
21777.279335410178,16506.50924832743,14473.098688750862,3
21087.501256913023,17878.5336743393,14107.985200134544,3
19134.598540145984,15257.562750090941,13547.493540051679,3
20410.238442822385,17418.205980066447,14079.570325612622,3
20763.881188118812,16422.490211433047,11244.782841823057,3
21226.234817813765,16213.003478933128,12985.461300309598,3
19953.872502378686,17817.774001699236,13897.627567925778,3
7335.264078349073,5528.2773164623695,4350.9377593361,3
7445.9506479673355,5466.315652287241,4304.94098327004,3
7099.363574813812,5593.897039210457,4053.6426017203053,3
7277.987159465556,5224.593921275536,4235.814986871339,3
7220.354622138062,5202.560158769536,4328.487100103199,3
7317.348220516399,5454.940824554558,4273.361181864493,3
7190.646322647009,5160.949920019688,4323.579012472941,3
6468.698334361506,5022.517063824692,4326.701052197235,3
6800.103761348898,4749.523270297815,4033.3724396576595,3
6542.3553267820935,4379.559360968989,3813.0036363636364,3
6110.582750582751,4510.004301075269,3775.5909622828335,3
4779.833618233618,4369.977078558033,3811.964009815505,3
6544.396941800593,4967.788700698804,2594.521835951998,3
6669.270154237558,5036.388088376561,4217.9243765084475,3
6806.7250892567345,5393.909465020576,4135.171053928818,3
7088.565151259084,5058.863828247498,4034.924482924483,3
7188.181662382177,5469.880020865937,4195.5626688006405,3
7814.987888950996,5459.20083300794,4317.792876261066,3
7831.038088125467,6287.369210013491,4575.437984073306,3
8005.924794808169,5776.482578157279,4754.907606847296,3
8326.98828667858,6413.308868501529,4538.798831295315,3
8144.279611650485,2959.7798320513725,4676.445534619244,3
8104.935265700483,6515.92978095386,4054.818252126837,3
8388.608,6418.215761285386,4738.2557614098505,3
8707.294996886028,6391.807375800061,4592.974156811213,3
8591.364195002048,6472.691358024691,4909.63830036287,3
9256.90576031781,6785.801650218411,4967.2003789673145,3
9986.438095238096,7803.356279069768,4920.004692082111,3
9646.51333946642,7416.983200707338,5197.402726146221,3
10126.277160791888,7949.78013646702,5627.672078357708,3
11161.000532197977,8580.818330605565,5327.453321478471,3
11621.789969520643,8266.267244777297,5696.460681787315,3
11184.810666666666,8689.2562668324,5705.759760576792,3
11278.042484538855,9088.416034669555,5625.407725321888,3
12336.188235294117,8981.379014989294,5811.700152417902,3
11732.318881118881,9090.385782401387,5912.466873414152,3
11434.85278080698,7975.478227799962,5653.462730826257,3
11247.79833735586,7774.428174235403,5616.368505623996,3
10215.06088650755,7558.666426383132,5528.2773164623695,3
9763.277467411546,6940.764520933311,5334.228665903599,3
9051.152352179543,6888.329775004106,5278.509942109237,3
9086.447140381282,7344.254946594292,5019.511728099569,3
9376.937178627319,7426.175637393768,5273.200905204928,3
9691.09057301294,7816.444278792396,5585.702490344919,3
10343.53637484587,8370.193574136898,5717.42639040349,3
11308.449716904826,8055.1257922028035,5775.687138529331,3
10971.23724823437,7492.504465880672,5814.116994732464,3
10207.602823071307,7230.3120151697985,5403.638237567638,3
9482.939181550984,6844.490861618799,4906.192537138847,3
8551.078491335373,6530.132336914215,4807.225214899713,3
8378.553735517378,6198.17348899069,4687.420652659812,3
8413.849548645938,6524.037953025354,4676.9669937555755,3
8721.77999584113,5903.313159746657,4866.911116268276,3
8310.489399643353,6170.816536707371,4818.269959793222,3
8087.743925954493,5739.332238642583,4618.76885805528,3
7731.435944700461,6159.03671071953,4470.5862289490515,3
8476.766370250607,6132.920017546425,4565.477304887341,3
9076.615451201038,6400.585991149092,4589.958415408186,3
8791.24711800461,6358.859915100061,4976.039862379879,3
9043.34626994394,6039.314614830813,4921.7366815301575,3
8891.88891244435,6189.940968122786,4711.113107941143,3
7707.284086732819,5868.621799356373,4374.078631765565,3
7634.335638878777,5862.879507967571,4472.493068884623,3
7573.680028891296,5889.222128615557,4706.883626977892,3
8264.63842364532,6150.907757735738,4910.213064856006,3
8476.766370250607,7002.176961602671,4959.564857514485,3
8772.859234469775,6308.172657542487,4990.248661511006,3
8333.606199086033,6418.215761285386,4861.270282800186,3
8538.892508143323,6141.900717528189,4616.22716266784,3
8478.479886800082,6407.430491903452,4665.002780558336,3
8322.031746031746,6122.177784265071,4729.173525763897,3
8835.694122603749,6627.119608152947,4529.97515930446,3
8793.090146750525,6558.724003127443,4615.211267605634,3
8358.517337584695,6234.10225921522,4826.586881472957,3
8882.47352816603,6225.774083419919,4745.761484498756,3
8854.346632890014,6869.151654110711,4994.408192426768,3
8846.876186458552,6296.808287043988,4730.773742386646,3
8701.8755186722,6960.345170925987,4854.518518518518,3
8617.842613519622,6884.937623112279,5225.895838524794,3
9702.299329169558,7193.112673640885,5325.42407313357,3
9628.797061524334,7024.458214704405,5171.768187422935,3
9206.11062335382,7108.989830508474,5256.678781802231,3
8954.534585824082,6783.606663431991,5203.205557623123,3
8749.06967042136,6676.701687360714,5182.631904114667,3
9510.893424036281,7153.852976292001,4990.248661511006,3
9695.570966250578,6606.243502913845,5191.612823369229,3
8967.936711567245,6945.361814870012,5212.257984341991,3
9600.146486610209,7009.197860962567,5326.1003174603175,3
9236.520590178376,6928.1532870829205,5315.974651457541,3
9448.758729443569,7697.383006056157,5084.621166201964,3
9476.511522819701,7294.441739130435,5260.634641916468,3
10387.082714214957,7200.521888412017,5043.655603655604,3
9783.77420107301,7599.753578546838,5097.598444336412,3
9387.430617726051,7453.890172383152,5504.335958005249,3
9589.172382258803,7001.008178935069,5131.2747736726205,3
9442.377307519135,7172.202462380301,5210.315527950311,3
9331.043381535039,7078.994092827004,5164.127062299926,3
9979.31001665477,6641.811559778305,5157.142505840403,3
9404.269058295964,6614.578142248856,4951.952774498229,3
9104.197959626656,6339.637243047158,5014.710664753707,3
